config,gpu,torch,dtype,batch,img_size,fused_bn,preprocess,p50,p95,p99,mean,n,images_per_s,method,k
T02 (convnext_tiny) I00 fp32,Tesla T4,2.11.0+cu128,fp32,1,128.0,False,False,5.899363500020627,6.385034750076101,6.738347549887749,5.944939800000763,60,169.50981237153866,I00,
T02 (convnext_tiny) I00 amp,Tesla T4,2.11.0+cu128,amp,1,128.0,False,False,7.7135810000754645,8.044727850017352,8.799775149989268,7.791212816687221,60,129.64147261696178,I08_amp,
T02 (convnext_tiny) I00 fp16,Tesla T4,2.11.0+cu128,fp16,1,128.0,False,False,5.420817499953046,5.855120750118203,6.176196459987294,5.481416416660068,60,184.4740207558476,I08_fp16,
B01 seed0 (resnet50) gộp BN fp32,Tesla T4,2.11.0+cu128,fp32,1,128.0,True,False,4.486069499989753,4.6902244499165135,4.8963937201278895,4.494937266686823,60,222.9122843509857,I08_fused,
B01 seed0 (resnet50) chưa gộp BN fp32,Tesla T4,2.11.0+cu128,fp32,1,128.0,False,False,5.839915499905146,6.375107350129383,6.650724840153543,5.89646223335194,60,171.23535434994605,I08_unfused,
T02 (convnext_tiny) I01 K=2 tuần tự,Tesla T4,2.11.0+cu128,fp32,1,128.0,False,False,11.067269499903887,12.243230200010657,12.583438160031617,11.1989281499973,60,90.35652380279386,I01,2.0
T02 (convnext_tiny) I01 K=2 gộp batch,Tesla T4,2.11.0+cu128,fp32,1,128.0,False,False,5.848072000048887,8.756906650023662,10.42672735992255,6.415482283364327,60,170.99652671711985,I01_batched,2.0
T02 (convnext_tiny) I02 K=5 tuần tự,Tesla T4,2.11.0+cu128,fp32,1,128.0,False,False,27.464749999921878,28.572941699871986,29.46235878010839,27.557840933347205,60,36.41030775822989,I02,5.0
T02 (convnext_tiny) I02 K=5 gộp batch,Tesla T4,2.11.0+cu128,fp32,1,128.0,False,False,7.989926000050218,8.680652050122717,8.898442499994417,8.06661348333364,60,125.15760471294914,I02_batched,5.0
T02 (convnext_tiny) I02F K=10 tuần tự,Tesla T4,2.11.0+cu128,fp32,1,128.0,False,False,55.56095899999036,59.37768139998525,60.61545996996528,56.14113438332803,60,17.998249454264702,I02F,10.0
T02 (convnext_tiny) I02F K=10 gộp batch,Tesla T4,2.11.0+cu128,fp32,1,128.0,False,False,15.85486049998508,16.13837730000114,16.24598114002083,15.752585366654634,60,63.07214118982258,I02F_batched,10.0
T02 (convnext_tiny) res 160,Tesla T4,2.11.0+cu128,fp32,1,160.0,False,False,5.580917499969473,5.951188249844108,6.625926009833163,5.646138766644526,60,179.1820072605391,I04_R160,
T02 (convnext_tiny) res 192,Tesla T4,2.11.0+cu128,fp32,1,192.0,False,False,5.611781499851531,5.94305690000283,6.145822080036396,5.650300866667142,60,178.1965317121589,I04_R192,
T02 (convnext_tiny) res 224,Tesla T4,2.11.0+cu128,fp32,1,224.0,False,False,5.818296500024189,6.0661082500359935,6.866851360007329,5.8695073499999735,60,171.8716122486784,I04_R224,
ensemble convnext_tiny+deit_small_patch16_224+efficientnet_b0,Tesla T4,2.11.0+cu128,fp32,1,128.0,False,False,18.44943250000597,19.701975400096217,20.222955249944334,18.534066166656277,60,54.20220920072617,I05a,3.0
ensemble T00 x3 seed,Tesla T4,2.11.0+cu128,fp32,1,128.0,False,False,16.743292499995732,17.551728200123762,18.362238850024816,16.83271841666283,60,59.72540944382683,I05b,3.0
T02 (convnext_tiny) I00 fp32,Tesla T4,2.11.0+cu128,fp32,32,128.0,False,False,50.33080499993048,51.51074910011175,52.30419933003532,50.30044411667328,60,635.7935264505346,I00,
T02 (convnext_tiny) I00 amp,Tesla T4,2.11.0+cu128,amp,32,128.0,False,False,18.361898000080146,18.620349900152178,18.722716299955664,18.329647716662596,60,1742.7392309803881,I08_amp,
T02 (convnext_tiny) I00 fp16,Tesla T4,2.11.0+cu128,fp16,32,128.0,False,False,14.411755499963874,14.821068649939662,14.936738410067392,14.461953783340201,60,2220.4095816141353,I08_fp16,
B01 seed0 (resnet50) gộp BN fp32,Tesla T4,2.11.0+cu128,fp32,32,128.0,True,False,38.24043099996288,39.068008499953066,39.257574330092666,38.261263500002464,60,836.810652056486,I08_fused,
B01 seed0 (resnet50) chưa gộp BN fp32,Tesla T4,2.11.0+cu128,fp32,32,128.0,False,False,40.431474499882825,41.31927735007821,41.489371040072456,40.36360956667219,60,791.46260174342,I08_unfused,
T02 (convnext_tiny) I01 K=2 tuần tự,Tesla T4,2.11.0+cu128,fp32,32,128.0,False,False,107.31509249990268,108.58227875002058,109.09556305994784,107.26337403333825,60,298.18732160184294,I01,2.0
T02 (convnext_tiny) I01 K=2 gộp batch,Tesla T4,2.11.0+cu128,fp32,32,128.0,False,False,103.43152350003493,105.39593179991016,105.68141642,103.32287408330482,60,309.38343473195766,I01_batched,2.0
T02 (convnext_tiny) I02 K=5 tuần tự,Tesla T4,2.11.0+cu128,fp32,32,128.0,False,False,253.370886500079,258.3549462999713,259.1679210500274,253.70623848333102,60,126.29706767825523,I02,5.0
T02 (convnext_tiny) I02 K=5 gộp batch,Tesla T4,2.11.0+cu128,fp32,32,128.0,False,False,242.74704499987365,243.80383024986259,244.07304931998397,242.78777593333038,60,131.82446772942862,I02_batched,5.0
T02 (convnext_tiny) I02F K=10 tuần tự,Tesla T4,2.11.0+cu128,fp32,32,128.0,False,False,507.38237099994876,513.6888131500996,516.3229219100299,506.93302523334677,60,63.068805360608856,I02F,10.0
T02 (convnext_tiny) I02F K=10 gộp batch,Tesla T4,2.11.0+cu128,fp32,32,128.0,False,False,485.8517639999036,487.1991672499803,487.95121362997406,485.8212734333013,60,65.86371064406869,I02F_batched,10.0
T02 (convnext_tiny) res 160,Tesla T4,2.11.0+cu128,fp32,32,160.0,False,False,78.09467900005984,79.48554090015705,80.25053705011032,78.1352598333342,60,409.7590310855299,I04_R160,
T02 (convnext_tiny) res 192,Tesla T4,2.11.0+cu128,fp32,32,192.0,False,False,114.27389500011031,116.08413249997511,116.63573786000825,114.1028905166839,60,280.028960244762,I04_R192,
T02 (convnext_tiny) res 224,Tesla T4,2.11.0+cu128,fp32,32,224.0,False,False,155.5557310000495,158.63789499993572,158.95750044991928,155.93003688330782,60,205.71405369815542,I04_R224,
ensemble convnext_tiny+deit_small_patch16_224+efficientnet_b0,Tesla T4,2.11.0+cu128,fp32,32,128.0,False,False,104.42716649993145,106.24029560000281,106.85628569010078,104.18518581665239,60,306.4336711656445,I05a,3.0
ensemble T00 x3 seed,Tesla T4,2.11.0+cu128,fp32,32,128.0,False,False,152.4139235000348,154.9767928500728,155.74374234999368,152.32717018332474,60,209.95457150601266,I05b,3.0
B01 resnet50,Tesla T4,2.11.0+cu128,fp32,1,128.0,False,False,6.110626999998203,6.601709600045069,6.91563213985546,6.143207299976439,60,163.64932763860304,B01,
B01 resnet50,Tesla T4,2.11.0+cu128,fp32,32,128.0,False,False,38.61476949998632,39.30057209987581,39.55819396006518,38.54376044999981,60,828.6984595366116,B01,
B02 convnext_tiny,Tesla T4,2.11.0+cu128,fp32,1,128.0,False,False,5.716306000067561,6.058725049967961,6.2148584699230005,5.739491849999467,60,174.93815061478182,B02,
B02 convnext_tiny,Tesla T4,2.11.0+cu128,fp32,32,128.0,False,False,51.16584500001409,52.08934895000539,52.28295070992317,51.13742496665736,60,625.4172094683707,B02,
B03 deit_small_patch16_224,Tesla T4,2.11.0+cu128,fp32,1,128.0,False,False,4.768379499978437,5.222988000014083,5.699615239950615,4.831173616654875,60,209.71485176557826,B03,
B03 deit_small_patch16_224,Tesla T4,2.11.0+cu128,fp32,32,128.0,False,False,41.46981299993513,43.232703749913526,43.35049049996769,41.44730189999185,60,771.645630522859,B03,
B04 efficientnet_b0,Tesla T4,2.11.0+cu128,fp32,1,128.0,False,False,7.907528000032471,11.097349000010574,14.514751430051545,8.415714516680358,60,126.46177161761472,B04,
B04 efficientnet_b0,Tesla T4,2.11.0+cu128,fp32,32,128.0,False,False,12.621080500139215,13.010034999979325,13.258761069926095,12.645635633316488,60,2535.4406066617694,B04,
B05 mobilenetv3_large_100,Tesla T4,2.11.0+cu128,fp32,1,128.0,False,False,6.265934499992909,6.59589904994391,6.801700669996079,6.302230533337176,60,159.5931141637583,B05,
B05 mobilenetv3_large_100,Tesla T4,2.11.0+cu128,fp32,32,128.0,False,False,7.026330500025324,7.638402600048266,7.641737909996209,7.1037690666609405,60,4554.297581060934,B05,
T02 (convnext_tiny) I00 fp32 + tiền xử lý,Tesla T4,2.11.0+cu128,fp32,1,,False,True,7.915872000012314,8.834688950014424,11.370904189998312,8.056985833347122,60,126.32847019234829,I00_preproc,
