exp_id,seed,backbone,weight_tag,params_m,gmacs,img_size,epochs,best_epoch,val_macro_f1,val_top1,val_bal_acc,val_ece,val_nll,val_f1_per_class,val_recall_per_class,sec_per_epoch,train_time_s,gpu,torch,timm,copied_from,axis,change,val_macro_f1_raw_at_best,delta_vs_T00,noise_std,distinguishable
T00,0,convnext_tiny,convnext_tiny.in12k_ft_in1k,27.827049,1.459493376,128,4,4,0.9412121461645593,0.9554413024850043,0.9319763009547027,0.01149850966282754,0.13109681010246277,"[0.8707482993197277, 0.9327146171693735, 0.9704433497536945, 0.9518987341772152, 0.943127962085308, 0.9698492462311558, 0.9692671394799054, 0.890547263681592, 0.9723127035830618]","[0.8533333333333334, 0.9436619718309859, 0.9563106796116505, 0.9215686274509803, 0.9386792452830188, 0.9554455445544554, 0.9534883720930233, 0.8817733990147784, 0.9835255354200988]",23.612362931999996,94.44945172799999,Tesla T4,2.11.0+cu128,1.0.29,B02,-,công thức nền T00,,0.0,0.0037205331719145345,False
T00,1,convnext_tiny,convnext_tiny.in12k_ft_in1k,27.827049,1.459493376,128,4,4,0.9486455141513432,0.9602970579834333,0.9417360450627458,0.005326650460016331,0.12015119940042496,"[0.9095022624434388, 0.9471153846153846, 0.9655172413793104, 0.960591133004926, 0.9461358313817331, 0.9627791563275435, 0.9695550351288055, 0.9027431421446384, 0.9738704409363091]","[0.8933333333333333, 0.9248826291079812, 0.9514563106796117, 0.9558823529411765, 0.9528301886792453, 0.9603960396039604, 0.9627906976744186, 0.8916256157635468, 0.9824272377814388]",24.420402506249985,97.68161002499994,Tesla T4,2.11.0+cu128,1.0.29,,-,công thức nền T00,,0.007433367986783956,0.0037205331719145345,True
T00,2,convnext_tiny,convnext_tiny.in12k_ft_in1k,27.827049,1.459493376,128,4,4,0.9446357746517057,0.9571550985432733,0.9357265603422515,0.008397286881790346,0.13054592907428741,"[0.8878718535469108, 0.9503546099290779, 0.973365617433414, 0.9576059850374065, 0.9389671361502347, 0.9625935162094762, 0.9569377990430622, 0.9022556390977443, 0.971769815418024]","[0.8622222222222222, 0.9436619718309859, 0.9757281553398058, 0.9411764705882353, 0.9433962264150944, 0.9554455445544554, 0.9302325581395349, 0.8866995073891626, 0.9829763866007688]",18.63316453599998,74.53265814399992,Tesla T4,2.11.0+cu128,1.0.29,,-,công thức nền T00,,0.0034236284871463907,0.0037205331719145345,False
T01,0,convnext_tiny,convnext_tiny.in12k_ft_in1k,27.827049,1.459493376,128,4,4,0.7476218759074638,0.8066266780919737,0.7027150117089607,0.06277547964400068,0.5929433107376099,"[0.6666666666666666, 0.7606382978723405, 0.7593582887700535, 0.6666666666666667, 0.7695749440715883, 0.8073878627968338, 0.778846153846154, 0.6571428571428573, 0.8623151453340133]","[0.5777777777777777, 0.6713615023474179, 0.6893203883495146, 0.5686274509803921, 0.8113207547169812, 0.7574257425742574, 0.7534883720930232, 0.5665024630541872, 0.928610653487095]",7.325552464999987,29.302209859999948,Tesla T4,2.11.0+cu128,1.0.29,,A,init=frozen (chỉ train head),,-0.19359027025709552,0.0037205331719145345,True
T02,0,convnext_tiny,convnext_tiny.in12k_ft_in1k,27.827049,1.459493376,128,4,3,0.948393773619887,0.9591545272779206,0.9498275590970773,0.01271826247595538,0.1397266387939453,"[0.9241071428571428, 0.9262672811059908, 0.9802955665024631, 0.9535452322738386, 0.9456264775413712, 0.9802955665024631, 0.9696969696969698, 0.883495145631068, 0.9722145804676754]","[0.92, 0.9436619718309859, 0.9660194174757282, 0.9558823529411765, 0.9433962264150944, 0.9851485148514851, 0.9674418604651163, 0.896551724137931, 0.9703459637561779]",18.842438104000024,75.3697524160001,Tesla T4,2.11.0+cu128,1.0.29,,B,aug=trivial (+TrivialAugmentWide),,0.007181627455327688,0.0037205331719145345,True
T03,0,convnext_tiny,convnext_tiny.in12k_ft_in1k,27.827049,1.459493376,128,4,4,0.9442808481799531,0.9571550985432733,0.9368498642527526,0.02703025609348471,0.1584502011537552,"[0.8828828828828827, 0.9458823529411764, 0.9731051344743277, 0.9649999999999999, 0.9363636363636364, 0.9667519181585679, 0.962085308056872, 0.8939393939393939, 0.9725170068027211]","[0.8711111111111111, 0.9436619718309859, 0.9660194174757282, 0.946078431372549, 0.9716981132075472, 0.9356435643564357, 0.9441860465116279, 0.8719211822660099, 0.9813289401427787]",18.87017623524997,75.48070494099989,Tesla T4,2.11.0+cu128,1.0.29,,B,mix=cutmix (alpha=1),,0.003068702015393776,0.0037205331719145345,False
T04,0,convnext_tiny,convnext_tiny.in12k_ft_in1k,27.827049,1.459493376,128,4,4,0.9458760509582747,0.9580119965724079,0.9349197519657823,0.09032630411787261,0.20731519162654877,"[0.886836027713626, 0.946135831381733, 0.9705882352941178, 0.9701492537313432, 0.9406175771971497, 0.964467005076142, 0.9669811320754716, 0.8949999999999999, 0.9721093961548877]","[0.8533333333333334, 0.9483568075117371, 0.9611650485436893, 0.9558823529411765, 0.9339622641509434, 0.9405940594059405, 0.9534883720930233, 0.8817733990147784, 0.985722130697419]",18.751809993249992,75.00723997299997,Tesla T4,2.11.0+cu128,1.0.29,,C,loss=label smoothing eps=0.1,,0.004663904793715368,0.0037205331719145345,True
T05,0,convnext_tiny,convnext_tiny.in12k_ft_in1k,27.827049,1.459493376,128,4,4,0.9326744553934078,0.9451585261353899,0.9502340407989978,0.009280022017719516,0.1747354120016098,"[0.8658008658008659, 0.9303370786516855, 0.9640287769784173, 0.9528535980148882, 0.9251700680272109, 0.9563106796116505, 0.9571106094808127, 0.8809523809523808, 0.9615060410227592]","[0.8888888888888888, 0.971830985915493, 0.9757281553398058, 0.9411764705882353, 0.9622641509433962, 0.9752475247524752, 0.986046511627907, 0.9113300492610837, 0.9395936298736958]",18.663499968249994,74.65399987299998,Tesla T4,2.11.0+cu128,1.0.29,,C,loss=CE trọng số 1/n_c,,-0.008537690771151518,0.0037205331719145345,True
T06,0,convnext_tiny,convnext_tiny.in12k_ft_in1k,27.827049,1.459493376,128,4,3,0.9432506625846967,0.9560125678377607,0.9331374739398208,0.006301425067536088,0.14213024079799652,"[0.8847926267281105, 0.9295774647887324, 0.9702970297029703, 0.9547738693467337, 0.9392523364485982, 0.9700000000000001, 0.966824644549763, 0.9027431421446384, 0.9709948495527243]","[0.8533333333333334, 0.9295774647887324, 0.9514563106796117, 0.9313725490196079, 0.9481132075471698, 0.9603960396039604, 0.9488372093023256, 0.8916256157635468, 0.9835255354200988]",18.847024183250028,75.38809673300011,Tesla T4,2.11.0+cu128,1.0.29,,F,EMA decay=0.99,0.9369440415470831,0.002038516420137415,0.0037205331719145345,False
T07,0,convnext_tiny,convnext_tiny.in12k_ft_in1k,27.827049,1.459493376,128,4,3,0.9453156229481441,0.9574407312196516,0.9416229394762152,0.11353709133088125,0.23907022178173065,"[0.88641425389755, 0.9395348837209302, 0.970873786407767, 0.962406015037594, 0.9510489510489512, 0.9705882352941178, 0.9645390070921986, 0.8905852417302799, 0.9718502323039081]","[0.8844444444444445, 0.9483568075117371, 0.970873786407767, 0.9411764705882353, 0.9622641509433962, 0.9801980198019802, 0.9488372093023256, 0.8620689655172413, 0.9763866007688083]",18.802415667500043,75.20966267000017,Tesla T4,2.11.0+cu128,1.0.29,,kết hợp,kết hợp T02 + T04,,0.004103476783584803,0.0037205331719145345,True
