exp_id,method,model,K,val_macro_f1,val_top1,val_ece,val_nll,f1_chinee,f1_snake,ece_before,ece_after_crossfit,T,note,lat_b1_p50_ms,lat_b1_p95_ms,lat_b1_p99_ms,throughput_b32_img_s,rel_cost_vs_I00
I00,1 view (resize 146 + center crop 128),T02 seed0 (convnext_tiny),1,0.9480966286319205,0.9588688946015425,0.01248155932227596,0.13976812362670898,0.9217002237136465,0.883495145631068,,,,,5.899363500020627,6.385034750076101,6.738347549887749,635.7935264505346,1.0
I01,"TTA lật ngang, gộp xác suất",T02 seed0 (convnext_tiny),2,0.9459639625528491,0.958297629248786,0.01431068704815864,0.13555232116869012,0.9103139013452914,0.8743961352657005,,,,,11.067269499903887,12.243230200010657,12.583438160031617,298.18732160184294,1.8760107763939602
I01L,"TTA lật ngang, gộp logit",T02 seed0 (convnext_tiny),2,0.9459639625528491,0.958297629248786,0.013185561980155119,0.13452889025211334,0.9103139013452914,0.8743961352657005,,,,,11.067269499903887,12.243230200010657,12.583438160031617,298.18732160184294,1.8760107763939602
I02,"TTA 5 crop 128 từ ảnh 146, gộp xác suất",T02 seed0 (convnext_tiny),5,0.9508501944655777,0.961439588688946,0.019486287401511673,0.12916335386782898,0.9203539823008849,0.8861985472154963,,,,,27.464749999921878,28.572941699871986,29.46235878010839,126.29706767825523,4.655544619317974
I02L,"TTA 5 crop 128 từ ảnh 146, gộp logit",T02 seed0 (convnext_tiny),5,0.9509005632859053,0.961439588688946,0.013156043924763692,0.12560196220874786,0.9203539823008849,0.8840579710144927,,,,,27.464749999921878,28.572941699871986,29.46235878010839,126.29706767825523,4.655544619317974
I02F,"TTA 10 crop (5 crop + lật), gộp xác suất",T02 seed0 (convnext_tiny),10,0.9526665541342982,0.9634390174235933,0.02359778239416504,0.1265023770455318,0.920704845814978,0.8948655256723718,,,,,55.56095899999036,59.37768139998525,60.61545996996528,63.068805360608856,9.418127735271119
I04_R160,độ phân giải kiểm tra 160 (resize 183 + crop 160),T02 seed0 (convnext_tiny),1,0.9545048386497371,0.9640102827763496,0.011958377943894274,0.1157277300953865,0.9174311926605504,0.8932038834951458,,,,,5.580917499969473,5.951188249844108,6.625926009833163,409.7590310855299,0.946020278280862
I04_R192,độ phân giải kiểm tra 192 (resize 219 + crop 192),T02 seed0 (convnext_tiny),1,0.9493686316966704,0.9588688946015425,0.01323602266633082,0.13016360998153687,0.9158878504672897,0.9090909090909091,,,,,5.611781499851531,5.94305690000283,6.145822080036396,280.028960244762,0.9512520291099048
I04_R224,độ phân giải kiểm tra 224 (resize 256 + crop 224),T02 seed0 (convnext_tiny),1,0.9350780988361126,0.9463010568409026,0.010134122884808121,0.16675183176994324,0.8847058823529412,0.8789473684210526,,,,,5.818296500024189,6.0661082500359935,6.866851360007329,205.71405369815542,0.9862583480410804
I05a,ensemble 3 backbone tốt nhất Bước 1 (TB xác suất),B02:convnext_tiny + B03:deit_small_patch16_224 + B04:efficientnet_b0,3,0.9240330379201855,0.9425878320479862,0.10252567052296382,0.26752969622612,0.8491879350348029,0.8623376623376624,,,,,18.44943250000597,19.701975400096217,20.222955249944334,306.4336711656445,3.127359841437379
I05b,ensemble T00 ba seed (TB xác suất),"T00 seed0,1,2",3,0.9540403479438984,0.964581548129106,0.00945432111301688,0.11112038046121597,0.9070294784580497,0.91,,,,,16.743292499995732,17.551728200123762,18.362238850024816,209.95457150601266,2.8381523701560667
I06,trọng số EMA (T06),T06 seed0,1,0.9432506625846967,0.9560125678377607,0.006301425067536088,0.14213024079799652,0.8847926267281105,0.9027431421446384,,,,,5.899363500020627,6.385034750076101,6.738347549887749,635.7935264505346,1.0
I06_raw,trọng số thường cùng epoch (T06),T06 seed0,1,0.9369440415470831,0.9508711796629534,0.009256174533035526,0.15164649486541748,0.8838268792710706,0.8861985472154963,,,,,5.899363500020627,6.385034750076101,6.738347549887749,635.7935264505346,1.0
I07,"I00 + temperature scaling (T=0.915, khớp trên val)",T02 seed0,1,0.9480966286319205,0.9588688946015425,0.0071292065711696,0.13876090578841005,0.9217002237136465,0.883495145631068,0.01248155932227596,0.010001428976370769,0.9150022111151731,,5.899363500020627,6.385034750076101,6.738347549887749,635.7935264505346,1.0
I08_fp16,FP16 (model.half()),T02 seed0,1,0.9480966286319205,0.9588688946015425,0.012402889754764689,0.13970857858657837,0.9217002237136465,0.883495145631068,,,,,5.420817499953046,5.855120750118203,6.176196459987294,2220.4095816141353,0.918881757317394
I08_amp,AMP autocast FP16,T02 seed0,1,0.948393773619887,0.9591545272779206,0.012720071156002417,0.13972873985767365,0.9241071428571428,0.883495145631068,,,,,7.7135810000754645,8.044727850017352,8.799775149989268,1742.7392309803881,1.3075276680354575
I08_fuse,gộp BN vào conv,T02 seed0 (convnext_tiny),1,,,,,,,,,,"convnext_tiny không có BatchNorm (dùng LayerNorm), không gộp được",,,,,
I08_unfused,chưa gộp BN (đối chứng),B01 seed0 (resnet50),1,0.5224005243009233,0.6775207083690374,0.05139314718448719,0.9499089121818542,0.39769452449567716,0.436241610738255,,,,,5.839915499905146,6.375107350129383,6.650724840153543,791.46260174342,0.9899229806545616
I08_fused,gộp BN vào conv,B01 seed0 (resnet50),1,0.5224005243009233,0.6775207083690374,0.051393187120961185,0.9499088525772095,0.39769452449567716,0.436241610738255,,,,"53 cặp conv-BN, sai số đầu ra lớn nhất 1.62e-05",4.486069499989753,4.6902244499165135,4.8963937201278895,836.810652056486,0.7604327992289452
